order_item_id,order_id,product_id,quantity,price_per_unit,line_total
01ae2986-b999-4a28-993b-9e084b6f3efb,4f1508db-ae31-46cf-b85a-d9520e46acf1,95ba199d-25d9-4758-ab92-8279a2922f49,4,932.98,3731.92
0530aa11-cab1-4fef-8f66-ad7041c1a722,4f1508db-ae31-46cf-b85a-d9520e46acf1,50125164-4655-454b-8961-3fdaa3c4152a,3,392.5,1177.5
45a3e195-5bd0-4536-86dd-ae24d7e71cdd,45940a0d-3c99-49fb-a658-70039eac6b54,4f68564c-9807-4264-8b96-9940b6cb73e1,2,973.83,1947.66
17a5ba5f-4c8d-44be-8d10-2f07ad2a4666,45940a0d-3c99-49fb-a658-70039eac6b54,20426eda-1bc9-4364-ab87-f1661e8204da,4,714.74,2858.96
f370559d-0306-40bf-9255-a3f0f4184154,91444f69-0fdc-46d5-bd21-3068693d1d19,f80766f9-da2d-4a07-ab44-82d53610a4c2,1,1292.53,1292.53
3755c23a-b65e-4cf7-b1e3-a49ffd940c3a,91444f69-0fdc-46d5-bd21-3068693d1d19,9038efca-6896-465d-85d1-604cfb7fbdb2,1,1478.33,1478.33
818c5926-b4dc-45d9-a3f1-410854cefaaf,91444f69-0fdc-46d5-bd21-3068693d1d19,da4b7396-d7a5-4908-8c6c-caf22424c34f,3,1110.58,3331.74
f3008b96-7308-4e93-9030-258e5602ca5c,4126787a-6232-4804-b58f-e932b2891593,aeff61b6-c607-4d48-8acc-9a35ecfd52e3,2,913.16,1826.32
8302d28a-d210-4fd2-9f96-53731e29d1e7,4126787a-6232-4804-b58f-e932b2891593,ebb626d2-2694-4dbe-8d27-91a78664db15,4,573.59,2294.36
53b97a29-398d-4d6e-af6b-d91d38a50a37,4126787a-6232-4804-b58f-e932b2891593,ec15bba6-fc8b-4970-813e-aa5dd04ec2a9,2,2132.88,4265.76
8b0faa13-c9c9-4055-a4b9-49cdc0699827,4126787a-6232-4804-b58f-e932b2891593,23308ab9-787b-4b8b-bc7b-d1e4959932b0,4,692.04,2768.16
059157b1-8ad7-4ac5-9261-569be29aa385,a7d8d40d-1d56-43be-8967-0971e57d2547,bcbf6afe-d59a-4790-9594-55bb6f02ebda,2,2034.57,4069.14
6d252a7c-3be8-4b8b-a7e9-334e46a4b1d7,363535db-bbab-47ec-bf04-1abf3abad2fb,961b920b-3a7c-41fa-8b65-d5491dec500e,4,607.51,2430.04
33b3e95b-fc52-43f6-9d2c-6610779dd3c1,363535db-bbab-47ec-bf04-1abf3abad2fb,5bb65c5b-8dd6-4b85-afeb-308c85338301,4,529.86,2119.44
897f7cc7-0652-4799-934d-c633d450d3d7,9ae556af-b903-432a-814f-8b433571c29c,0b84cf63-fe5b-4343-97a0-c5eb55099f93,2,1987.3,3974.6
2ce40708-39a9-4e0d-bfb4-5265a3cd1a3c,9ae556af-b903-432a-814f-8b433571c29c,5bb65c5b-8dd6-4b85-afeb-308c85338301,1,563.72,563.72
f8f517a5-2d2f-44e2-a595-03fbb6209b03,9ae556af-b903-432a-814f-8b433571c29c,dd600df0-a123-4470-b4dc-5b1fbb412130,3,1596.62,4789.86
ca67985c-b183-48cf-89c1-59a6171754d3,5a71a213-ff24-4366-be25-aca3cb9a873c,56a4300a-1b0c-4ed9-9ce7-33191f050eec,3,1837.34,5512.02
c1b1303f-80f3-4f91-bd0a-3498c053d16a,d871ae8f-9d2e-4dee-b36f-f1b9ebac17b3,33390b79-1a33-4927-a210-c195554504d0,3,1329.51,3988.53
6057ce7a-b622-4be2-bcb0-329e40c2bd63,d871ae8f-9d2e-4dee-b36f-f1b9ebac17b3,9ce4c50f-1b59-45d5-a3a4-0985cd0080fe,3,1508.88,4526.64
f598e698-d5c7-4788-8cbd-2082c8156945,bf35cce9-e6fa-4c78-a1ad-44fef3b2722b,921205ac-28c4-4b05-b67e-c35ff328fab7,4,1970.64,7882.56
4f8c45bd-faf6-42a0-ac64-0762fb5f941f,bf35cce9-e6fa-4c78-a1ad-44fef3b2722b,f80766f9-da2d-4a07-ab44-82d53610a4c2,2,1156.71,2313.42
886e7fad-c527-40f4-b7ea-a7af940968cf,3821e0f7-6f18-4260-af9a-7207f0871e6a,feb4ffa5-0fde-456e-a8e7-9b6c89ed06ac,2,703.81,1407.62
99445164-8463-47dd-a746-664bcf0f1a80,3821e0f7-6f18-4260-af9a-7207f0871e6a,29144108-f016-476f-bcb9-b0b392495dc4,1,2136.52,2136.52
961dde7f-1624-472b-9cb4-e6f5edf785c7,3821e0f7-6f18-4260-af9a-7207f0871e6a,661746c4-ad45-410e-bec0-79d9e9f7f40d,1,1046.63,1046.63
16dbdbc0-9429-4417-91cd-1709e6e6fcb5,3821e0f7-6f18-4260-af9a-7207f0871e6a,84204cfb-0150-48d0-b242-81c7fe4a6514,1,708.64,708.64
9b2e8685-be40-440f-af86-f729088d19bb,3821e0f7-6f18-4260-af9a-7207f0871e6a,15b433d8-a15b-4789-b46c-952eea93eb4c,3,1314.05,3942.15
749ebc67-2d35-4bf7-8495-76eeb0feaa74,5c62d9e8-c39a-441a-950d-36cf3e453905,a688b2ae-4d8a-47f8-801a-c27db6e85cc8,4,2027.64,8110.56
86e6b1f5-c535-47d5-b37b-85fd0854cff8,5c62d9e8-c39a-441a-950d-36cf3e453905,573d588b-eaac-48fe-afc7-13f1b796bd2d,4,519.81,2079.24
aa12b523-e725-4d8d-9ef3-a8fe19d49e3d,05bd7158-5496-436f-9278-acea48a4ce44,a1004e61-f401-428e-a431-0d83dbd29708,2,984.39,1968.78
9205c7cd-c8f4-4ffc-bf50-199f8ac2b9e2,05bd7158-5496-436f-9278-acea48a4ce44,82850011-27b0-49de-8ee8-04ab1e2d5448,1,596.45,596.45
2b8673d5-9a08-4101-b370-38cf1521aca0,a418d151-bba8-42bf-b42a-d7e02fdada44,04a98b0e-a2bf-4e3e-b717-b4a4500d7bdc,3,1193.3,3579.9
640983d2-267f-44ba-8ca5-7413ab6995a1,a418d151-bba8-42bf-b42a-d7e02fdada44,aeff61b6-c607-4d48-8acc-9a35ecfd52e3,4,960.89,3843.56
77949e74-7ce7-434a-bd87-9825c8d5c8df,a418d151-bba8-42bf-b42a-d7e02fdada44,aeff61b6-c607-4d48-8acc-9a35ecfd52e3,1,985.49,985.49
0845b26c-9e24-43a3-8ed0-9590b824dc21,a418d151-bba8-42bf-b42a-d7e02fdada44,56a4300a-1b0c-4ed9-9ce7-33191f050eec,1,1793.33,1793.33
3a7c4269-c8d9-4bc3-9b4a-04a67dbaab61,fa52ef30-d57d-4dd2-af11-8b23f1fa0050,961b920b-3a7c-41fa-8b65-d5491dec500e,4,582.39,2329.56
9dd6babf-f765-4ba2-ac32-b6e59a3b7ea5,fa52ef30-d57d-4dd2-af11-8b23f1fa0050,5bb65c5b-8dd6-4b85-afeb-308c85338301,3,523.56,1570.68
ef325872-d084-4e43-a478-566a28170d09,fa52ef30-d57d-4dd2-af11-8b23f1fa0050,d6250c80-6286-4cf0-b7ad-beeca5252416,2,1545.33,3090.66
a119bf68-6dcf-4334-99bc-40d6d60eb343,fa52ef30-d57d-4dd2-af11-8b23f1fa0050,f80766f9-da2d-4a07-ab44-82d53610a4c2,4,1217.89,4871.56
718614f3-8a89-4228-94c8-9663748f2949,3b80e2d1-1f6d-40d7-9ddf-bcca75ba1d66,921205ac-28c4-4b05-b67e-c35ff328fab7,4,1844.83,7379.32
a4394c34-800c-4137-8fee-fd10b485735c,3b80e2d1-1f6d-40d7-9ddf-bcca75ba1d66,bfd7f681-c6d3-4067-bcf4-2fbd0bbb1961,3,1681.52,5044.56
bc3b5438-a455-46d5-9c20-85338bed5a92,3b80e2d1-1f6d-40d7-9ddf-bcca75ba1d66,921205ac-28c4-4b05-b67e-c35ff328fab7,4,1802.9,7211.6
ecae82ae-2e6b-408c-8631-11abd7bab303,3b80e2d1-1f6d-40d7-9ddf-bcca75ba1d66,0b84cf63-fe5b-4343-97a0-c5eb55099f93,3,1968.26,5904.78
42badce6-e0ae-4edf-a23d-e6d38bf86b1f,bdaf097c-8f60-4c77-bfad-c10f25e7eb16,a170c855-7457-4217-962b-73ca95591d8e,1,1337.19,1337.19
b45b9399-ca89-4599-a86f-e5f89f078f42,bdaf097c-8f60-4c77-bfad-c10f25e7eb16,34516357-56b4-4907-89e0-b8261bfeb840,2,2145.77,4291.54
e87e43ae-d6c3-446b-9d30-0ac79b0ba1a9,c203bf9d-8b25-4795-b2fe-cab8be8e2101,91040c4c-ff68-4da6-8b23-e84501185895,1,437.79,437.79
64dfc8ab-7bc8-4551-a225-e91a8b17b46d,737f40bc-a8b6-4f01-832e-6c2efce0d7c9,feb4ffa5-0fde-456e-a8e7-9b6c89ed06ac,2,777.8,1555.6
36f2fb6a-91e0-471e-95e9-de829fe2c970,e120e04a-8b0e-4128-a7d9-0131fd3b972b,71cd6e3f-89de-4b63-b8d0-f9bc3bb351dd,3,1976.28,5928.84
a1306ce5-621d-405a-aebe-b304bd74e9ea,e120e04a-8b0e-4128-a7d9-0131fd3b972b,8647140a-dd88-45a0-95be-ae7d66ac0787,3,1756.67,5270.01
2551b741-9dff-4c18-af05-9db96dca3378,b4152ffb-c0e6-4ff8-ad20-fb7f60f68840,91040c4c-ff68-4da6-8b23-e84501185895,1,444.11,444.11
ea5dd611-02d1-47ea-a383-cbe5d54a36fd,b4152ffb-c0e6-4ff8-ad20-fb7f60f68840,578b7e1b-3185-4d37-abad-92c4accc86fc,1,614.19,614.19
aa2f7df9-05e8-4822-bd79-e9a8ec996bb3,56470e1b-012f-4d8c-8a1d-1aa17cb192fa,c88ed3b8-9b8a-4a82-ac6d-77f32a584792,3,1255.65,3766.95
fd0de515-5148-49cd-969d-81a2e5539e3c,56470e1b-012f-4d8c-8a1d-1aa17cb192fa,27288ebe-a4fa-4764-bcff-20c6c1b4e579,1,1274.23,1274.23
484db6ed-5ace-42a1-941b-7787ccbbe1fc,56470e1b-012f-4d8c-8a1d-1aa17cb192fa,9f245b6a-b069-4f49-b236-3a3f5a07e040,3,1201.73,3605.19
6fe7911f-8347-46f7-924a-51575d8f6f03,f9b41094-b90c-403a-b417-bb70e9ef6b72,a688b2ae-4d8a-47f8-801a-c27db6e85cc8,4,1987.13,7948.52
51f788ef-9c9e-426c-9c3b-37e6016561b6,f9b41094-b90c-403a-b417-bb70e9ef6b72,04a98b0e-a2bf-4e3e-b717-b4a4500d7bdc,4,1210.51,4842.04
110fc9e6-ab67-42d1-9f80-636e6f81f652,f9b41094-b90c-403a-b417-bb70e9ef6b72,b4f77be2-21a9-465c-8972-987e421dd558,1,1688.03,1688.03
4a0f8d74-8750-4578-966e-fdb0e36d198f,7e8ebadf-c897-4c50-93e7-e6533dc757c3,ebb626d2-2694-4dbe-8d27-91a78664db15,1,581.55,581.55
007ccceb-1406-4dce-9cb2-3666e649cd97,7e8ebadf-c897-4c50-93e7-e6533dc757c3,5bb65c5b-8dd6-4b85-afeb-308c85338301,3,529.95,1589.85
73b9d2ed-1b68-4a25-8c8d-2b66b5cbb0c8,fb214798-dfdf-48bf-a96a-a6a80be05e26,56a4300a-1b0c-4ed9-9ce7-33191f050eec,1,1761.87,1761.87
a6be78a5-852a-4df1-95c7-6e48041123eb,fb214798-dfdf-48bf-a96a-a6a80be05e26,97a7ac37-0f5b-438c-8e6b-bccfbb2babe8,3,1571.83,4715.49
b5522c02-1e81-4072-b673-61e54a570f7a,30072600-4533-49db-b217-1239a6b36b84,1172914a-fd97-4fec-8729-044a3bcc7331,1,1748.24,1748.24
75de4747-dd67-4f57-bd31-791ade5cb4b8,30072600-4533-49db-b217-1239a6b36b84,761a057e-264a-4c1b-b399-0ea1a85811e6,3,1337.35,4012.05
bb458125-1b36-4afd-9081-7df00861b364,55faab9a-2e16-4103-b1fd-b3754865cf7a,485c3d22-90b0-40b0-bfda-c97e12413e8a,4,1813.93,7255.72
7b805157-1f6e-434a-af32-472c26763225,e600792b-0f25-4160-af6c-4c4a309c5331,29144108-f016-476f-bcb9-b0b392495dc4,2,2072.82,4145.64
69fbcec7-c46d-41b5-b221-0132c2bc9637,56938cee-c917-45e9-bb63-bb69d2b8372f,a4b12842-522f-4ab4-8e5c-d87276206857,1,1043.83,1043.83
924423cc-3b5d-4118-ba81-0f58073df020,56938cee-c917-45e9-bb63-bb69d2b8372f,0ed42b97-708a-4e9d-9e9f-3b240f4d7141,2,833.05,1666.1
e9577923-1433-459f-b7d8-08b41c45dcc4,56938cee-c917-45e9-bb63-bb69d2b8372f,50125164-4655-454b-8961-3fdaa3c4152a,2,421.4,842.8
aad206e9-c644-41b0-8dd2-56ecba15b757,672d6d41-2285-497c-ae7e-7b292bccc7e4,20426eda-1bc9-4364-ab87-f1661e8204da,4,725.37,2901.48
970f8c1d-31c2-4022-a29b-79f50dc6086c,672d6d41-2285-497c-ae7e-7b292bccc7e4,84204cfb-0150-48d0-b242-81c7fe4a6514,3,736.35,2209.05
16ab6a03-06c8-427e-b5fa-9d08b77ce310,672d6d41-2285-497c-ae7e-7b292bccc7e4,961b920b-3a7c-41fa-8b65-d5491dec500e,3,606.6,1819.8
559676f4-13c2-4953-a6fa-0ff7f90db922,3666b9c1-179d-4147-9c12-20633d196726,34516357-56b4-4907-89e0-b8261bfeb840,4,1954.78,7819.12
bf7fc89e-5c65-4c8f-8135-c077d80901aa,3666b9c1-179d-4147-9c12-20633d196726,95ba199d-25d9-4758-ab92-8279a2922f49,4,894.57,3578.28
bcffd4d2-0a58-40a7-9833-d47eccfd27d5,3666b9c1-179d-4147-9c12-20633d196726,0b84cf63-fe5b-4343-97a0-c5eb55099f93,1,2221.68,2221.68
d15bb6f9-ee16-496d-8bd8-3e58005c27d0,3666b9c1-179d-4147-9c12-20633d196726,a170c855-7457-4217-962b-73ca95591d8e,4,1439.73,5758.92
d2437d95-8915-4c66-9309-fe51ba300fab,823e6b0e-c9f1-4d8c-a906-86ae44c20e8c,f056b740-dd49-4bed-b869-d0138c80405d,4,2007.2,8028.8
8c5fbad4-ebbb-49d8-b8c8-e5e14bf5605b,22be9730-dbb8-484d-a869-6181687478c8,34007688-734d-4ed6-9aea-8ccd0c6da6a5,2,1633.5,3267.0
6d71cd63-a60c-4f20-8889-e49f80e877b7,22be9730-dbb8-484d-a869-6181687478c8,3d9f7863-ef4b-4644-a5e7-50c73e97cf53,3,185.45,556.35
9db16bbc-e5a8-42ea-99dd-64545e24f52b,22be9730-dbb8-484d-a869-6181687478c8,9f245b6a-b069-4f49-b236-3a3f5a07e040,1,1267.7,1267.7
49a49b74-23b9-4a39-b029-ddf7a6e734c7,22be9730-dbb8-484d-a869-6181687478c8,0ed42b97-708a-4e9d-9e9f-3b240f4d7141,4,860.73,3442.92
d2543d51-ea47-4d3c-b7df-93bf794a157b,e52e2926-1279-4157-bcd2-09c49139d65f,a1004e61-f401-428e-a431-0d83dbd29708,2,925.85,1851.7
32dfc40e-bbb9-4ad2-a0a9-76c94619aba2,e52e2926-1279-4157-bcd2-09c49139d65f,a111d844-34bd-4c57-ae21-08d892e7cd37,2,1079.93,2159.86
67e3f90a-e916-42ca-808c-da7515bd1f2d,c4c9c5d2-7590-468c-9325-d61a88f47d56,9f245b6a-b069-4f49-b236-3a3f5a07e040,2,1274.29,2548.58
26dec2ba-6b66-4d6c-8039-5e431d5ce3fa,c4c9c5d2-7590-468c-9325-d61a88f47d56,8647140a-dd88-45a0-95be-ae7d66ac0787,1,1667.49,1667.49
9a129922-4ba3-4cc2-a916-1665af89a578,c4c9c5d2-7590-468c-9325-d61a88f47d56,50602b32-e598-4fec-9c58-374ed4e08a2a,2,113.75,227.5
25624f28-f7c2-40cc-a441-a374a11be521,c4c9c5d2-7590-468c-9325-d61a88f47d56,a111d844-34bd-4c57-ae21-08d892e7cd37,1,1022.23,1022.23
ade95970-7033-4835-a135-e7a16ed97951,d7682b1e-972c-4d57-b1ed-0681b15d5f89,aeff61b6-c607-4d48-8acc-9a35ecfd52e3,1,985.65,985.65
c1841319-e845-49f6-b17f-fd2684ebb63a,f26a713c-3c86-4184-bada-a4b30c48aab2,04a98b0e-a2bf-4e3e-b717-b4a4500d7bdc,4,1230.46,4921.84
124f7ded-ccd6-4e44-a06c-370e3d42dac3,f26a713c-3c86-4184-bada-a4b30c48aab2,ebb626d2-2694-4dbe-8d27-91a78664db15,2,524.57,1049.14
2522e83e-22d9-41df-be10-6bfc82d4b071,a767da28-f50e-4bf6-b0d7-bd72df477cdd,485c3d22-90b0-40b0-bfda-c97e12413e8a,4,1726.38,6905.52
89940765-441e-4073-989c-8919dd2fe12b,1b239ad8-ce69-4e0f-87cc-2b2771995d84,0ed42b97-708a-4e9d-9e9f-3b240f4d7141,4,871.63,3486.52
e85ed1ff-c901-4e78-8fba-f0faa6934700,1b239ad8-ce69-4e0f-87cc-2b2771995d84,4f68564c-9807-4264-8b96-9940b6cb73e1,3,915.66,2746.98
54711824-accd-4c40-a1e2-491beaaae5b0,1b239ad8-ce69-4e0f-87cc-2b2771995d84,34516357-56b4-4907-89e0-b8261bfeb840,3,2133.34,6400.02
75bce01e-42a8-43e9-8177-74c2f39fb259,b6a32b8a-f330-4382-a9de-7540106d441d,5eda521a-e234-4e48-b18d-f9135ae8ef01,2,1738.69,3477.38
63ea47ec-8370-4233-b6e9-1459a7c0b049,b6a32b8a-f330-4382-a9de-7540106d441d,34007688-734d-4ed6-9aea-8ccd0c6da6a5,2,1487.27,2974.54
59a251f3-0206-4168-ab4d-2acb77a4a593,49dd2411-eec7-4548-bdb7-39a23c02fb67,1172914a-fd97-4fec-8729-044a3bcc7331,4,1635.73,6542.92
18d260ae-8608-4e48-abc8-adf863c15e0e,49dd2411-eec7-4548-bdb7-39a23c02fb67,56a4300a-1b0c-4ed9-9ce7-33191f050eec,2,1713.65,3427.3
1b863049-39eb-478d-9eea-7a8f1209f0a7,49dd2411-eec7-4548-bdb7-39a23c02fb67,3780021d-7147-4d08-8d73-e630b3da0cbe,4,1963.61,7854.44
06b43aec-ba77-431b-a90f-9266b8a0bbdd,20db81f8-e95c-4b76-a3f4-d9bed3c508a0,292cb567-a4b0-4f09-ab0b-cf15eef17df5,2,499.36,998.72
7d6e51ff-09b3-478d-bd21-0f65827f0a0e,8afc7087-33b5-4840-b907-b99850372eca,573d588b-eaac-48fe-afc7-13f1b796bd2d,2,519.37,1038.74
3ac01d53-f8f3-4444-8c45-ae204d925594,8afc7087-33b5-4840-b907-b99850372eca,ebb626d2-2694-4dbe-8d27-91a78664db15,2,570.19,1140.38
cfc16413-d346-44d0-90e4-2e45290deb50,61ba18db-7ea1-4394-aece-d6a872d5c7a2,84204cfb-0150-48d0-b242-81c7fe4a6514,3,699.38,2098.14
c75d05c9-0145-45b7-ba7a-7ce2582ec22a,61ba18db-7ea1-4394-aece-d6a872d5c7a2,4d6188dc-5fb5-40be-82b9-8185414daf04,4,2117.32,8469.28
be0ebd10-35ff-41cd-ac9d-bf1ee9ff8212,61ba18db-7ea1-4394-aece-d6a872d5c7a2,9cbd85c0-9bf4-4679-a1fa-7de889b8b72f,2,1555.7,3111.4
f9e2e002-ffa3-4d36-b8ff-3f38884b57b4,d35dcea0-aba6-4bfc-b410-cd5c5e024c54,ab101d0b-6442-4c6d-8ef0-de60f8b1b820,3,1311.79,3935.37
b61ed9ff-e1c2-47b6-84a2-93dd1e7eed85,d35dcea0-aba6-4bfc-b410-cd5c5e024c54,9d7f4ae8-9d37-40a7-83f1-d4d43c0fa5e1,1,2153.45,2153.45
057890e4-6698-40c4-b20a-065941f6a322,2436f015-cc68-400f-bfce-7baf92b34f23,bcbf6afe-d59a-4790-9594-55bb6f02ebda,4,2030.97,8123.88
cc5ad2e8-c459-479c-856b-37eabe870a23,2436f015-cc68-400f-bfce-7baf92b34f23,04a98b0e-a2bf-4e3e-b717-b4a4500d7bdc,1,1195.58,1195.58
a23c8fe5-3770-445c-ac14-897bda414834,d1501d1c-bc52-4629-9622-c8dc3b58f962,bcbf6afe-d59a-4790-9594-55bb6f02ebda,3,2222.66,6667.98
a3158fa8-14de-4e04-96c1-814ed340189b,d1501d1c-bc52-4629-9622-c8dc3b58f962,da4b7396-d7a5-4908-8c6c-caf22424c34f,3,1056.36,3169.08
bc2a590d-50bb-4ed2-b6c9-9477872f77df,9bc0b541-491a-4694-9b11-d6a4ce60d9b4,673ab0f6-8d68-4c50-bdd4-e777fc1337b1,4,120.98,483.92
41d03819-3df0-4c80-b12b-f76ed8384ac5,9bc0b541-491a-4694-9b11-d6a4ce60d9b4,f290aa8f-a2c0-4bec-8af5-55c16547892c,3,1830.77,5492.31
462199c2-030f-4860-9e00-ad296df17c96,bacf09ae-0149-4ebd-801a-c2fa8ee1c10c,9d7f4ae8-9d37-40a7-83f1-d4d43c0fa5e1,2,2185.45,4370.9
c9659c38-0302-49bd-bd45-f1eaf36116c5,36696443-4853-4b57-b824-ede8c480f5a7,c88ed3b8-9b8a-4a82-ac6d-77f32a584792,4,1242.44,4969.76
ef13575b-d859-4eea-90c2-36152d4ac564,1e836086-4de1-4ed0-99c2-076f54035d66,3e91c92f-2636-4686-88e3-8503a0c64d0f,2,1685.25,3370.5
c72bf1fc-90c0-45b1-a7b7-68684b3e078e,1e836086-4de1-4ed0-99c2-076f54035d66,dd600df0-a123-4470-b4dc-5b1fbb412130,2,1572.8,3145.6
292c9ecb-30c1-4fc0-a0eb-d57718a98b50,17c6c4c8-4092-4b72-b255-374646b8e838,26e88e7c-cdd9-4206-9b56-1458c476eac4,2,225.8,451.6
a570c767-9b51-4230-9108-61f4bd911134,75b98286-fe16-4a0b-9760-4903e8574627,3d9f7863-ef4b-4644-a5e7-50c73e97cf53,3,188.11,564.33
24ec16c9-f804-4286-8c2f-87cc7533e4f1,75b98286-fe16-4a0b-9760-4903e8574627,5eda521a-e234-4e48-b18d-f9135ae8ef01,2,1880.45,3760.9
f8aae980-fc67-4f9e-a9a3-5952127b3e2c,bdc42968-b126-4217-94d8-f07e6f8945dc,dda6d41f-087f-4b37-9368-cb6bcd01b5bc,4,225.06,900.24
5da62fe9-cac9-4956-be94-414f380bcfca,bdc42968-b126-4217-94d8-f07e6f8945dc,15b433d8-a15b-4789-b46c-952eea93eb4c,3,1247.81,3743.43
f5951d59-dc46-43f1-b352-ac9c241097d2,bdc42968-b126-4217-94d8-f07e6f8945dc,56a4300a-1b0c-4ed9-9ce7-33191f050eec,3,1921.23,5763.69
dad54066-b523-4a3e-869e-3f990b093043,bdc42968-b126-4217-94d8-f07e6f8945dc,45a292d0-65b7-4db5-98e6-69bf13c267c0,1,507.91,507.91
b47ee409-e05d-45f3-8fe3-fb1476d8dbff,bdc42968-b126-4217-94d8-f07e6f8945dc,5bb65c5b-8dd6-4b85-afeb-308c85338301,1,530.01,530.01
355cb23c-4eb4-475e-9278-18b260be04fb,08681b78-eb3c-4d27-a0f1-04c0b3cd5cd6,88add444-6943-42bd-b1ad-df9231d2aa8d,1,723.99,723.99
ccea7001-7168-4243-8427-10067909100d,08681b78-eb3c-4d27-a0f1-04c0b3cd5cd6,dda6d41f-087f-4b37-9368-cb6bcd01b5bc,2,220.85,441.7
af4cd236-b9d3-401b-912d-f8651f0cc188,6da1f1d5-ae68-4af7-9915-2125f015a3f9,95ba199d-25d9-4758-ab92-8279a2922f49,3,929.23,2787.69
54f5da81-efaa-4769-bb0e-fbdf8cbdfc71,6da1f1d5-ae68-4af7-9915-2125f015a3f9,91040c4c-ff68-4da6-8b23-e84501185895,3,447.49,1342.47
23630b99-0611-432a-a284-1531ecd523a3,6da1f1d5-ae68-4af7-9915-2125f015a3f9,f80766f9-da2d-4a07-ab44-82d53610a4c2,3,1174.89,3524.67
e0102d52-2005-47c8-8c7b-140e8b76c93b,35316b83-5c0a-411b-8f3e-ec195b1eb874,3e91c92f-2636-4686-88e3-8503a0c64d0f,1,1794.27,1794.27
74448841-d79e-48ec-b8ea-9c46ec6f3927,35316b83-5c0a-411b-8f3e-ec195b1eb874,33390b79-1a33-4927-a210-c195554504d0,3,1260.57,3781.71
10793242-afac-4261-ac23-9bb058926f9e,bc4668ed-b401-4763-b6ad-a68c4d4c4289,22d7cee7-2177-4517-933a-cdbc8665bbb5,1,607.45,607.45
f9c7fe55-4bf4-47db-bbd5-de7c6d7dc728,94501b5c-66a6-4fe8-814f-53916487b75d,32d10e80-4cc3-4821-a169-40de49089b3e,3,383.12,1149.36
e3e42ba4-d836-42fd-8e60-84fb2e611d7a,94501b5c-66a6-4fe8-814f-53916487b75d,71cd6e3f-89de-4b63-b8d0-f9bc3bb351dd,4,2093.4,8373.6
b4db5654-0134-442d-9a68-ff1e5dbc951f,94501b5c-66a6-4fe8-814f-53916487b75d,9b3ae2d6-f11c-4d6a-893c-bfbee11f66a9,4,566.35,2265.4
34d9ae18-9fee-4102-a937-394aa7b53d0c,94501b5c-66a6-4fe8-814f-53916487b75d,f290aa8f-a2c0-4bec-8af5-55c16547892c,3,1770.47,5311.41
9a526d56-a238-42ed-8913-3f8afd530796,0f48734f-09fb-4637-ab61-1e5918e76b2b,f056b740-dd49-4bed-b869-d0138c80405d,4,2003.68,8014.72
6efbb945-421d-48bc-8af2-c031d6d10929,0f48734f-09fb-4637-ab61-1e5918e76b2b,3e91c92f-2636-4686-88e3-8503a0c64d0f,4,1644.67,6578.68
b68b2e28-934a-40a4-92d4-cc2325fb5933,86974ee6-344c-4123-ab68-5756bf2bed89,a111d844-34bd-4c57-ae21-08d892e7cd37,3,1086.01,3258.03
771dff3b-a49d-471d-a257-152db8def3ff,86974ee6-344c-4123-ab68-5756bf2bed89,ec15bba6-fc8b-4970-813e-aa5dd04ec2a9,2,1986.21,3972.42
c99387a1-7d4d-4a1e-b911-936a080d0d4a,86974ee6-344c-4123-ab68-5756bf2bed89,661746c4-ad45-410e-bec0-79d9e9f7f40d,2,1089.28,2178.56
d56914b1-35a1-45ff-a8f7-bdffab938be8,86974ee6-344c-4123-ab68-5756bf2bed89,673ab0f6-8d68-4c50-bdd4-e777fc1337b1,1,110.91,110.91
28c27966-5fb6-48d3-9065-b0f5a2ff0d97,86974ee6-344c-4123-ab68-5756bf2bed89,12f1e107-776d-4b4b-b230-f201a1a96650,3,1333.41,4000.23
94601da0-34bb-4569-9df7-ccf07dea1fb4,86974ee6-344c-4123-ab68-5756bf2bed89,a111d844-34bd-4c57-ae21-08d892e7cd37,1,997.26,997.26
beb0aa47-9de2-4feb-8b49-6b74d4428fd0,a6b16b1b-10ab-4ba7-9ffd-cb9397c6e9b3,9b3ae2d6-f11c-4d6a-893c-bfbee11f66a9,1,503.4,503.4
dd07de40-af1e-48c4-9274-5a71768fe5e1,6e30ca75-7f97-4eac-a3bb-dae7bf6a6157,97a7ac37-0f5b-438c-8e6b-bccfbb2babe8,1,1573.94,1573.94
bb1a88bb-2eca-4c3d-83ce-925ddc86e342,6e30ca75-7f97-4eac-a3bb-dae7bf6a6157,84204cfb-0150-48d0-b242-81c7fe4a6514,1,735.17,735.17
116322bf-2133-4163-9421-919526b3d1b1,6e30ca75-7f97-4eac-a3bb-dae7bf6a6157,4f68564c-9807-4264-8b96-9940b6cb73e1,2,978.63,1957.26
43c95e72-ccd5-4769-bed3-63d654511940,0fa1553e-d8be-4cfb-93fa-2cbc6e6bd851,82850011-27b0-49de-8ee8-04ab1e2d5448,4,574.49,2297.96
58a469a4-855c-46d3-ada6-c3bef5fbd3e2,0fa1553e-d8be-4cfb-93fa-2cbc6e6bd851,3d9f7863-ef4b-4644-a5e7-50c73e97cf53,2,184.2,368.4
acc53495-f34c-4327-9a7c-f7a6b4f367ca,4500ffea-b9d2-4f97-b953-a7cc9c98b771,a111d844-34bd-4c57-ae21-08d892e7cd37,2,982.61,1965.22
bfd49e3c-7acb-4bdd-a3b8-9a5d4ee274a4,4500ffea-b9d2-4f97-b953-a7cc9c98b771,068fa6bb-ffce-46c5-a416-a38c8281e3b4,4,2193.35,8773.4
5d1cdeeb-e3c4-4c7e-991b-28c2582be128,4500ffea-b9d2-4f97-b953-a7cc9c98b771,9cbd85c0-9bf4-4679-a1fa-7de889b8b72f,3,1701.45,5104.35
221dd9e8-02a9-4a03-86db-c5a4d37d9d77,4500ffea-b9d2-4f97-b953-a7cc9c98b771,ec5acaab-3445-4eba-865e-8b247d274eee,3,420.13,1260.39
d367cc26-230d-4089-ab3b-e3b4d68bf9ec,4500ffea-b9d2-4f97-b953-a7cc9c98b771,23308ab9-787b-4b8b-bc7b-d1e4959932b0,2,669.95,1339.9
55fdc96f-f809-425c-b69c-87e6422e2f45,92ed5bba-27ba-4448-a680-80b6ccaa806e,d6250c80-6286-4cf0-b7ad-beeca5252416,1,1633.78,1633.78
0ae3faba-e9dd-4336-9dae-894c1e574651,3ed6be8d-b161-4506-ae59-ddbeb28a05d2,97a7ac37-0f5b-438c-8e6b-bccfbb2babe8,2,1658.38,3316.76
de673a7e-c70b-4dda-aa46-5555b0f28ff7,3ed6be8d-b161-4506-ae59-ddbeb28a05d2,1172914a-fd97-4fec-8729-044a3bcc7331,3,1714.21,5142.63
62260361-6429-4530-8a8d-8d86fde7c09c,3ed6be8d-b161-4506-ae59-ddbeb28a05d2,27288ebe-a4fa-4764-bcff-20c6c1b4e579,3,1264.99,3794.97
0efee1d8-e6a9-48d2-bb7e-1bbb72ad8b74,5bb8edeb-deb9-4dfa-a555-f85cdf9964b0,9ce4c50f-1b59-45d5-a3a4-0985cd0080fe,4,1587.23,6348.92
99faf211-96a1-4728-aa98-5ce612a5c8ab,5bb8edeb-deb9-4dfa-a555-f85cdf9964b0,ea2dfdf7-5d45-4027-8234-98d645172842,2,2131.09,4262.18
49e1cec7-3098-441c-b61a-887600023501,9c3c511d-5b41-4afa-a307-5b248f81d60a,3d9f7863-ef4b-4644-a5e7-50c73e97cf53,4,180.68,722.72
54fcd317-5c62-438c-8efa-8983dba04e55,9c3c511d-5b41-4afa-a307-5b248f81d60a,ec15bba6-fc8b-4970-813e-aa5dd04ec2a9,4,2161.86,8647.44
9093abd8-f22d-4633-8f51-2821cf661327,0247e144-c506-4fed-85a9-f60c74bbc636,761a057e-264a-4c1b-b399-0ea1a85811e6,1,1264.91,1264.91
634559da-5148-4f01-8e52-ef7dc113c75d,1455729b-1823-4d46-8ce1-4c16f21cba55,feb4ffa5-0fde-456e-a8e7-9b6c89ed06ac,4,754.19,3016.76
75d6825b-bd4e-4447-a84e-02fe6a0df00e,1455729b-1823-4d46-8ce1-4c16f21cba55,20426eda-1bc9-4364-ab87-f1661e8204da,3,732.25,2196.75
27ddafb5-6e1d-44af-b43d-35c1911acbfd,66c5c8ff-8a0a-4fea-a81d-bad4964a2da3,91040c4c-ff68-4da6-8b23-e84501185895,1,486.44,486.44
f8eef427-b705-409d-ad02-f0cfa890377a,f2d29aa8-04b2-42f4-bc85-5dd050b27c33,573d588b-eaac-48fe-afc7-13f1b796bd2d,2,484.69,969.38
04ff1ca5-d69e-4d05-92aa-361c5066f088,a76a4681-6a23-4aaf-aecb-a88b650ea287,f056b740-dd49-4bed-b869-d0138c80405d,1,1960.41,1960.41
3403e04c-274e-454c-9f8e-73ecb5169d81,a76a4681-6a23-4aaf-aecb-a88b650ea287,12f1e107-776d-4b4b-b230-f201a1a96650,4,1360.87,5443.48
8d3b5e74-8fd7-435a-9542-b9cf3f59c090,a004149c-1d9b-4ef1-9f91-c4733edaf482,45a292d0-65b7-4db5-98e6-69bf13c267c0,3,498.53,1495.59
dececdeb-6d86-442f-91f6-16ca28d07e0f,bb69a7f5-f936-4c37-b913-66da4ccdff49,661746c4-ad45-410e-bec0-79d9e9f7f40d,1,1062.74,1062.74
dec44f1b-e4bf-4ae5-b787-29306dfc07a3,5b900845-4392-44a1-9fd0-144c49967022,d6250c80-6286-4cf0-b7ad-beeca5252416,4,1560.99,6243.96
827caf5e-2f17-4433-a0ee-80fac3adc4e4,5b900845-4392-44a1-9fd0-144c49967022,15b433d8-a15b-4789-b46c-952eea93eb4c,4,1267.75,5071.0
22379bbc-1fdc-4cfd-8c1e-d6baeae97b7a,a942603b-1fb1-4ca0-9738-e3ae7d1c06e9,33390b79-1a33-4927-a210-c195554504d0,2,1291.55,2583.1
46802b38-2e26-48ad-be4d-66e3eb133bed,a942603b-1fb1-4ca0-9738-e3ae7d1c06e9,91040c4c-ff68-4da6-8b23-e84501185895,1,490.29,490.29
ca72a8ff-913d-4315-909a-51f0664d3575,a942603b-1fb1-4ca0-9738-e3ae7d1c06e9,34516357-56b4-4907-89e0-b8261bfeb840,3,2176.12,6528.36
b15e0d69-4c23-4d0c-b753-1e3534e4da53,a942603b-1fb1-4ca0-9738-e3ae7d1c06e9,91040c4c-ff68-4da6-8b23-e84501185895,2,457.84,915.68
2d6b7855-2c3a-47b4-9bfb-7f27ca28bc4a,a942603b-1fb1-4ca0-9738-e3ae7d1c06e9,71cd6e3f-89de-4b63-b8d0-f9bc3bb351dd,3,2149.92,6449.76
99c0500f-51fd-4cd1-a3bb-212fbfcede29,b4dbe72a-2c40-4acc-9de3-5776044501eb,97a7ac37-0f5b-438c-8e6b-bccfbb2babe8,4,1695.2,6780.8
bdcb2c71-9317-46b2-a1d1-0fc8f77ec7fd,b4dbe72a-2c40-4acc-9de3-5776044501eb,ec5acaab-3445-4eba-865e-8b247d274eee,2,434.01,868.02
c07df2cb-6180-4dc4-9de4-9473858b2dff,b4dbe72a-2c40-4acc-9de3-5776044501eb,1172914a-fd97-4fec-8729-044a3bcc7331,4,1629.18,6516.72
7f343c05-e847-4e7d-a187-64168a3aa368,1cde4b9b-98a4-4ca0-8f2f-d64020f3cd10,761a057e-264a-4c1b-b399-0ea1a85811e6,3,1372.61,4117.83
008be69c-82f3-4355-93ed-bda7b40e9dea,8e240603-f722-4a36-8a7f-74bdc26c036c,ec15bba6-fc8b-4970-813e-aa5dd04ec2a9,4,2127.38,8509.52
5ec08760-f1fc-4796-85e9-d87dc59f2479,a3b87e61-ea44-4981-bcb6-e0df2904e4eb,a688b2ae-4d8a-47f8-801a-c27db6e85cc8,3,1863.84,5591.52
780d5565-469a-4784-b233-ff0b76b032cf,a3b87e61-ea44-4981-bcb6-e0df2904e4eb,4d6188dc-5fb5-40be-82b9-8185414daf04,3,2192.12,6576.36
e0b1c7ce-293a-4814-9577-fd822b8649ce,a3b87e61-ea44-4981-bcb6-e0df2904e4eb,27288ebe-a4fa-4764-bcff-20c6c1b4e579,4,1217.27,4869.08
1f819d9a-8000-417a-b814-714ca3f944f5,a3b87e61-ea44-4981-bcb6-e0df2904e4eb,f056b740-dd49-4bed-b869-d0138c80405d,4,1849.46,7397.84
89729a31-4117-43e1-b246-93a12ff25be3,a5f2191c-780d-4a71-a84d-ffadda69182e,60422d14-b0df-454d-b1cc-fcb512070cdb,2,1382.93,2765.86
d11b267a-c290-42cc-b028-36a7992150d5,a5f2191c-780d-4a71-a84d-ffadda69182e,0804e394-634f-44b4-85e5-780ed32f72eb,1,2223.83,2223.83
2b4445f2-4786-4656-a2a3-ca9bbc71df28,a5f2191c-780d-4a71-a84d-ffadda69182e,33390b79-1a33-4927-a210-c195554504d0,4,1296.15,5184.6
7314856f-c188-4f13-a66a-c4d24490f5e6,a5f2191c-780d-4a71-a84d-ffadda69182e,9038efca-6896-465d-85d1-604cfb7fbdb2,1,1367.04,1367.04
f3d66434-c8d3-4a17-a0b4-4c2639a8148a,f1909f53-4deb-494a-b8bc-b242d7b5e9d7,a111d844-34bd-4c57-ae21-08d892e7cd37,2,972.36,1944.72
ecda3c8a-48e1-49c9-8792-40e4125015af,82e6ce07-d9fe-4232-9846-61e4d68891db,95ba199d-25d9-4758-ab92-8279a2922f49,1,856.38,856.38
c0967ae3-fa37-4374-9f2c-2bf3ea91aa94,82e6ce07-d9fe-4232-9846-61e4d68891db,a58adeef-9d73-476d-8979-2570f427a2a4,1,464.54,464.54
0f7379ea-b62c-4873-80a9-302c9224f1c6,5047177a-9109-4964-99ee-76ea9db80320,0804e394-634f-44b4-85e5-780ed32f72eb,1,2199.39,2199.39
c25e70e3-68d4-417a-b5c3-26cd2b853904,5047177a-9109-4964-99ee-76ea9db80320,9038efca-6896-465d-85d1-604cfb7fbdb2,3,1316.98,3950.94
553c99c1-37fb-4257-af6c-1102cd1d4465,64c47efd-2d8e-4f6e-b70e-7eec076b6772,32d10e80-4cc3-4821-a169-40de49089b3e,3,426.15,1278.45
2176ffdb-3d05-4ad8-b234-f4443e1f09ef,64c47efd-2d8e-4f6e-b70e-7eec076b6772,ab101d0b-6442-4c6d-8ef0-de60f8b1b820,3,1297.37,3892.11
cab5f497-f503-4e9b-91cc-cbdc0d1d5f53,7624cbc0-db1e-4d12-857b-2d44234f4f22,88add444-6943-42bd-b1ad-df9231d2aa8d,2,780.46,1560.92
0d2cdd65-938a-4f61-89cd-fa67ea1e008b,7624cbc0-db1e-4d12-857b-2d44234f4f22,ea2dfdf7-5d45-4027-8234-98d645172842,2,2202.14,4404.28
ea5ed456-bc41-4bff-95a2-84b72a7813d6,7624cbc0-db1e-4d12-857b-2d44234f4f22,56a4300a-1b0c-4ed9-9ce7-33191f050eec,3,1809.16,5427.48
382c9780-e75f-439f-85a0-76fcb44c9a26,7624cbc0-db1e-4d12-857b-2d44234f4f22,32d10e80-4cc3-4821-a169-40de49089b3e,4,404.66,1618.64
027f25d7-0959-4d7a-befd-f8832e13c4d4,03e085a9-5305-4875-a161-16e150ca71ad,673ab0f6-8d68-4c50-bdd4-e777fc1337b1,4,116.38,465.52
b2b8421d-3113-45df-ac52-e94314adb1e7,03e085a9-5305-4875-a161-16e150ca71ad,9d7f4ae8-9d37-40a7-83f1-d4d43c0fa5e1,3,1950.68,5852.04
c314f088-45e8-48b4-9293-2ed9cdacf09c,344c1d1d-e6f7-4037-b1eb-debdb8cf193e,3780021d-7147-4d08-8d73-e630b3da0cbe,2,1934.07,3868.14
44cfbaa1-3fcb-436b-beda-72594c12864f,344c1d1d-e6f7-4037-b1eb-debdb8cf193e,71cd6e3f-89de-4b63-b8d0-f9bc3bb351dd,3,2055.91,6167.73
6c161cdc-4b7d-4a68-868c-4ded5ada7bbd,344c1d1d-e6f7-4037-b1eb-debdb8cf193e,9038efca-6896-465d-85d1-604cfb7fbdb2,2,1334.25,2668.5
fe0923c8-fc1d-4d22-82e9-c4cb24079723,344c1d1d-e6f7-4037-b1eb-debdb8cf193e,da4b7396-d7a5-4908-8c6c-caf22424c34f,2,1076.1,2152.2
31e0c585-5e24-4b76-a4ba-c93dff0e55f2,f650cdee-e392-4558-8869-bdb3379c7355,921205ac-28c4-4b05-b67e-c35ff328fab7,1,1879.05,1879.05
f35efe37-8990-430e-af1a-860f55d0d49f,00a7ee5b-a273-4bf6-b6b5-123469faac55,71cd6e3f-89de-4b63-b8d0-f9bc3bb351dd,3,2151.16,6453.48
08b4f3a4-3060-4ef1-b36c-31d97e386f5d,00a7ee5b-a273-4bf6-b6b5-123469faac55,88add444-6943-42bd-b1ad-df9231d2aa8d,4,695.62,2782.48
96ab4b2c-0760-4981-930b-099cda372cfa,23a5dea2-deaa-440c-8a5f-1b05a26bbc16,56a4300a-1b0c-4ed9-9ce7-33191f050eec,2,1817.13,3634.26
b3085f0a-bf5a-41d0-a148-51285f5bf3a6,23a5dea2-deaa-440c-8a5f-1b05a26bbc16,f290aa8f-a2c0-4bec-8af5-55c16547892c,4,1853.07,7412.28
4f57f832-5425-4726-8041-9422c779cf6f,23a5dea2-deaa-440c-8a5f-1b05a26bbc16,921205ac-28c4-4b05-b67e-c35ff328fab7,3,1818.14,5454.42
bff4de95-9ed7-4063-ad3a-c0303df7881b,c3923407-166d-4064-8599-6c7c0d07903f,9cbd85c0-9bf4-4679-a1fa-7de889b8b72f,1,1659.9,1659.9
cd9e017e-29f3-4405-8202-6583259acba5,f00c2e94-1332-4f56-9083-2f7f251fccb5,20426eda-1bc9-4364-ab87-f1661e8204da,4,738.97,2955.88
31a5c44d-2bc8-4fc8-bc38-91791aaa1292,61e03a68-98af-48eb-85e9-e9d15d4cbb48,ab101d0b-6442-4c6d-8ef0-de60f8b1b820,2,1366.41,2732.82
efc3a05c-fcd0-474a-b986-480a279b145b,61e03a68-98af-48eb-85e9-e9d15d4cbb48,84204cfb-0150-48d0-b242-81c7fe4a6514,2,734.6,1469.2
f63e1233-a0d6-45ad-964e-397558e15e2e,6d42ec91-9584-4c4b-ad95-cd500d02efb0,4d6188dc-5fb5-40be-82b9-8185414daf04,3,2250.89,6752.67
00075b44-deb8-45eb-bad8-a71825f50269,6d42ec91-9584-4c4b-ad95-cd500d02efb0,5eda521a-e234-4e48-b18d-f9135ae8ef01,2,1914.32,3828.64
6c72713f-220c-4773-a611-d70339148835,59016cf7-8a5e-4d73-865d-2f31ecc97083,3d9f7863-ef4b-4644-a5e7-50c73e97cf53,1,166.66,166.66
488605ea-f146-4536-b214-3d1beff2c39f,59016cf7-8a5e-4d73-865d-2f31ecc97083,9038efca-6896-465d-85d1-604cfb7fbdb2,2,1332.5,2665.0
0f36a9e0-252b-44b1-9e99-03b4ba29a15b,7842882c-54f2-489c-a92b-2584153f903d,ea2dfdf7-5d45-4027-8234-98d645172842,1,2284.53,2284.53
2e295223-9b3d-4d55-a3dd-e074265bf447,7842882c-54f2-489c-a92b-2584153f903d,84204cfb-0150-48d0-b242-81c7fe4a6514,4,697.56,2790.24
737914ed-2ec2-4d5c-a57a-218e63f8277c,dadba019-28b0-4dc4-9420-89a91c7c516c,ebb626d2-2694-4dbe-8d27-91a78664db15,4,535.9,2143.6
0be5c928-45ac-4734-990c-83513ef7c6b4,dadba019-28b0-4dc4-9420-89a91c7c516c,34516357-56b4-4907-89e0-b8261bfeb840,4,2043.49,8173.96
bcc026b3-c448-47bd-86ab-d6bd883c5df6,dadba019-28b0-4dc4-9420-89a91c7c516c,9ce4c50f-1b59-45d5-a3a4-0985cd0080fe,4,1681.98,6727.92
ab55de5d-4fc7-4494-9eff-adfea3fc7594,e137498c-5393-42ba-9441-cd4e9ea5a139,36e204ee-9a3b-43eb-a9a4-500771ab750d,2,545.74,1091.48
e7542fc8-fb1c-4ea0-b4b5-df5858ef931d,e137498c-5393-42ba-9441-cd4e9ea5a139,71cd6e3f-89de-4b63-b8d0-f9bc3bb351dd,4,2008.49,8033.96
c35e0a48-637f-41dc-a124-cdaec964297e,e137498c-5393-42ba-9441-cd4e9ea5a139,673ab0f6-8d68-4c50-bdd4-e777fc1337b1,1,115.25,115.25
50c3a8a3-9217-45d7-9f47-48b4c3cbfe62,0df3f7f3-d70c-4efa-aaeb-654449642644,068fa6bb-ffce-46c5-a416-a38c8281e3b4,4,2086.62,8346.48
d821dbb1-840e-40ac-bfcc-88953e995459,0df3f7f3-d70c-4efa-aaeb-654449642644,0b84cf63-fe5b-4343-97a0-c5eb55099f93,3,2112.32,6336.96
362a7850-8939-44b2-900a-821684756137,0df3f7f3-d70c-4efa-aaeb-654449642644,71cd6e3f-89de-4b63-b8d0-f9bc3bb351dd,3,2069.78,6209.34
03d4e94d-ea5e-44a1-b2b2-37a3a66eee2f,48e3ad41-85fa-4b80-b9f9-ec8751246b92,4d6188dc-5fb5-40be-82b9-8185414daf04,1,2233.85,2233.85
82cbb47d-0014-480c-a761-0ed25b976a58,48e3ad41-85fa-4b80-b9f9-ec8751246b92,a1004e61-f401-428e-a431-0d83dbd29708,1,926.87,926.87
8e27c9bf-9be1-408f-a2bc-171d82d3d6fb,21bc5387-9f0f-4db0-8851-e628f9514720,a688b2ae-4d8a-47f8-801a-c27db6e85cc8,1,2112.61,2112.61
d3fae13b-f64c-422a-bc3c-951f42fca33a,21bc5387-9f0f-4db0-8851-e628f9514720,961b920b-3a7c-41fa-8b65-d5491dec500e,3,575.74,1727.22
2164d126-2ce3-4a17-bc81-dd55e86c1b4f,198d034d-3c72-4c74-bfc3-94a0f2d9ff0c,d6250c80-6286-4cf0-b7ad-beeca5252416,4,1565.14,6260.56
ca70c263-adb0-41c5-919d-b9da8c1bf987,198d034d-3c72-4c74-bfc3-94a0f2d9ff0c,20426eda-1bc9-4364-ab87-f1661e8204da,4,733.64,2934.56
584a60d3-ba9d-40e2-9e85-45448e35bc64,198d034d-3c72-4c74-bfc3-94a0f2d9ff0c,a1004e61-f401-428e-a431-0d83dbd29708,1,890.26,890.26
17bfbbe5-7f26-472c-ba41-b7f2c002f806,6f579efb-d549-4ddf-b6ae-69ab4489e6d4,f290aa8f-a2c0-4bec-8af5-55c16547892c,3,1810.02,5430.06
8881d631-58dc-4bf6-8708-d2069629e63b,6f579efb-d549-4ddf-b6ae-69ab4489e6d4,1172914a-fd97-4fec-8729-044a3bcc7331,1,1581.13,1581.13
745939b4-3f83-43f2-ba05-56381c0fa16d,d0cf3843-be74-406a-b1b1-35ead5dc09f7,b4f77be2-21a9-465c-8972-987e421dd558,2,1828.9,3657.8
e1069e4b-b865-4595-a7b2-7bf5064c0832,d0cf3843-be74-406a-b1b1-35ead5dc09f7,15b433d8-a15b-4789-b46c-952eea93eb4c,3,1198.4,3595.2
9d97136b-766b-4649-832c-0f6dcb06728c,6cd11436-d7b4-4204-a9c9-6534eaae8033,04a98b0e-a2bf-4e3e-b717-b4a4500d7bdc,3,1246.77,3740.31
20231330-860f-460f-9b59-2f0293e70ac4,840f7d66-0271-4b0d-b20f-d12fe7213e94,578b7e1b-3185-4d37-abad-92c4accc86fc,1,643.51,643.51
a34a603a-fa98-4b76-934b-ff710d799cf5,840f7d66-0271-4b0d-b20f-d12fe7213e94,88add444-6943-42bd-b1ad-df9231d2aa8d,1,744.69,744.69
10ceec9b-188a-4d93-bc27-94a575207437,840f7d66-0271-4b0d-b20f-d12fe7213e94,a170c855-7457-4217-962b-73ca95591d8e,3,1370.33,4110.99
18318cee-0970-4ff2-8328-939fd4f77aa3,c292d2ec-cc26-4aec-bdb5-adffb5a56317,485c3d22-90b0-40b0-bfda-c97e12413e8a,3,1883.22,5649.66
7b2d7b7c-f95a-400b-9ce1-482118ad2119,c292d2ec-cc26-4aec-bdb5-adffb5a56317,45a292d0-65b7-4db5-98e6-69bf13c267c0,1,446.09,446.09
d0814b8b-82dd-47d7-ad40-ec8953efa245,c292d2ec-cc26-4aec-bdb5-adffb5a56317,b4f77be2-21a9-465c-8972-987e421dd558,4,1710.49,6841.96
4670eaa3-48fb-4ff6-b586-fd67401c547d,3355802f-5316-487d-9984-28470974e108,f80766f9-da2d-4a07-ab44-82d53610a4c2,2,1250.12,2500.24
3f7b7351-e0fc-4088-8414-f160d92679ff,15949aaa-e96a-4ae6-834b-911e65c2f0ef,20426eda-1bc9-4364-ab87-f1661e8204da,4,703.05,2812.2
81387d1c-a087-476c-805e-43d156c51853,15949aaa-e96a-4ae6-834b-911e65c2f0ef,22d7cee7-2177-4517-933a-cdbc8665bbb5,1,649.9,649.9
9238305f-bbd7-4275-8873-7b6e7187b0e0,2f01a348-d033-4ed8-abba-5e0c395c2582,5bb65c5b-8dd6-4b85-afeb-308c85338301,4,562.93,2251.72
4583c471-472f-41c4-8aed-d7111b8e1748,2f01a348-d033-4ed8-abba-5e0c395c2582,9d7f4ae8-9d37-40a7-83f1-d4d43c0fa5e1,1,2090.46,2090.46
fc7fd21a-aaad-4324-973d-0337d43c6eb0,2f01a348-d033-4ed8-abba-5e0c395c2582,ec5acaab-3445-4eba-865e-8b247d274eee,4,416.27,1665.08
6fe10953-7b1e-4a6a-84a9-d8758c266826,6646aab9-229b-4d7d-b684-8ab6190139a6,661746c4-ad45-410e-bec0-79d9e9f7f40d,3,1118.1,3354.3
0d81c329-c71a-4267-bd31-ba763dce0cd2,2dda8e9a-3d1e-4451-86ee-54ab71428f11,88add444-6943-42bd-b1ad-df9231d2aa8d,1,715.56,715.56
f1b1ada8-838e-427d-a8d3-90c4505ab468,2dda8e9a-3d1e-4451-86ee-54ab71428f11,bcbf6afe-d59a-4790-9594-55bb6f02ebda,2,2177.2,4354.4
8dfc69d2-6a91-4300-af09-e4921c2416ad,2dda8e9a-3d1e-4451-86ee-54ab71428f11,761a057e-264a-4c1b-b399-0ea1a85811e6,1,1336.26,1336.26
9c8723a6-635c-422b-bd84-f1c999094424,97f8d98e-dedc-47b7-9838-3a82991c37ae,9f245b6a-b069-4f49-b236-3a3f5a07e040,2,1190.0,2380.0
75b43fe1-671c-4814-aabf-2901abd91752,97f8d98e-dedc-47b7-9838-3a82991c37ae,12f1e107-776d-4b4b-b230-f201a1a96650,4,1408.53,5634.12
a1265f1b-e914-49ff-8610-b9026bd58701,97f8d98e-dedc-47b7-9838-3a82991c37ae,485c3d22-90b0-40b0-bfda-c97e12413e8a,2,1739.12,3478.24
e53b30b8-8427-49f6-92ee-0e5277d54302,97f8d98e-dedc-47b7-9838-3a82991c37ae,45a292d0-65b7-4db5-98e6-69bf13c267c0,2,471.09,942.18
56c81543-3cae-4e8f-a0df-9c38ad71fc27,97f8d98e-dedc-47b7-9838-3a82991c37ae,dda6d41f-087f-4b37-9368-cb6bcd01b5bc,1,221.77,221.77
b9755187-ffa5-4583-876d-b5fef86619c2,6a44aa9c-716b-4379-8cbb-c9721a97b45e,20426eda-1bc9-4364-ab87-f1661e8204da,4,698.71,2794.84
c8c33940-24c9-4b60-970f-303f5ebf0fe4,6a44aa9c-716b-4379-8cbb-c9721a97b45e,b4f77be2-21a9-465c-8972-987e421dd558,1,1683.98,1683.98
469758d1-f91e-4f6d-8a51-3ea2dae5bf28,2e1bdd2b-bc3c-4453-8391-62c2d16c66d5,ec15bba6-fc8b-4970-813e-aa5dd04ec2a9,3,2130.29,6390.87
3f9533f2-b1b7-4e2a-a446-53b5c5bd7d15,2e1bdd2b-bc3c-4453-8391-62c2d16c66d5,91040c4c-ff68-4da6-8b23-e84501185895,1,489.08,489.08
3c4b0ae9-4c7c-4c6e-b43d-0bed8d93a111,2e1bdd2b-bc3c-4453-8391-62c2d16c66d5,50602b32-e598-4fec-9c58-374ed4e08a2a,3,116.25,348.75
cc32d8b1-6009-426d-b50d-4a243267d032,2e1bdd2b-bc3c-4453-8391-62c2d16c66d5,a58adeef-9d73-476d-8979-2570f427a2a4,4,508.17,2032.68
667c65f2-776b-49d8-82bb-b4e421e752d2,2e1bdd2b-bc3c-4453-8391-62c2d16c66d5,0ed42b97-708a-4e9d-9e9f-3b240f4d7141,3,892.56,2677.68
c8b81e6a-7713-41c7-9d15-baee2c7549e4,5cde4343-6a51-40c6-b8bf-7277a120f5db,12f1e107-776d-4b4b-b230-f201a1a96650,4,1317.33,5269.32
9680b91b-2ba0-43e8-8134-9d74793c033d,5cde4343-6a51-40c6-b8bf-7277a120f5db,4d6188dc-5fb5-40be-82b9-8185414daf04,4,2144.48,8577.92
b6a22840-de5b-45fc-b8a2-12adb061a17a,0479c379-e379-4e53-90ab-738dbc8c6a44,5c8201ed-88f5-4447-8884-79049b0b90b0,4,1268.1,5072.4
c431a0d2-f63b-47f9-b5c7-9fa8cbc42ea8,0479c379-e379-4e53-90ab-738dbc8c6a44,a1004e61-f401-428e-a431-0d83dbd29708,1,982.45,982.45
a1796d1d-6a74-4790-9e09-8353d288f06c,0479c379-e379-4e53-90ab-738dbc8c6a44,dd600df0-a123-4470-b4dc-5b1fbb412130,1,1746.89,1746.89
9a47ea26-76dd-49ee-878d-5680d30dd7e0,0479c379-e379-4e53-90ab-738dbc8c6a44,f056b740-dd49-4bed-b869-d0138c80405d,3,1994.39,5983.17
7699da07-d80d-4902-86e3-9e939ec621a6,7a5fc0b8-aecc-4804-9f81-1eeff6f7c983,27288ebe-a4fa-4764-bcff-20c6c1b4e579,3,1209.96,3629.88
3dc565dc-006e-4945-a129-e3f1ff3c4e90,512d0e74-7f86-46d2-acc2-099746125256,9cbd85c0-9bf4-4679-a1fa-7de889b8b72f,3,1533.99,4601.97
7bf6c1cb-d55c-4bf0-933a-1b977f8a1b2a,512d0e74-7f86-46d2-acc2-099746125256,12f1e107-776d-4b4b-b230-f201a1a96650,3,1391.51,4174.53
d7f87ec5-a2e1-4d96-9735-9333a1764adb,512d0e74-7f86-46d2-acc2-099746125256,5eda521a-e234-4e48-b18d-f9135ae8ef01,4,1707.38,6829.52
07d6906a-c588-48c9-befd-05abd381edc2,b50bce80-57e5-455b-8105-1b0fee75aaa5,761a057e-264a-4c1b-b399-0ea1a85811e6,4,1303.43,5213.72
03a918fa-193c-4c58-a5df-325a193e61c7,b50bce80-57e5-455b-8105-1b0fee75aaa5,56a4300a-1b0c-4ed9-9ce7-33191f050eec,4,1837.04,7348.16
581fa1a0-ae7c-48d5-90e7-e1f8d00ee9b7,b50bce80-57e5-455b-8105-1b0fee75aaa5,aeff61b6-c607-4d48-8acc-9a35ecfd52e3,1,928.85,928.85
945072c9-5f85-49fb-851f-d70c55b87ba4,47380f41-bbf4-43e1-b1b5-bcbdecf9f1ba,50125164-4655-454b-8961-3fdaa3c4152a,2,398.39,796.78
e5b9492a-223c-499b-a76c-8584798047ee,47380f41-bbf4-43e1-b1b5-bcbdecf9f1ba,d6250c80-6286-4cf0-b7ad-beeca5252416,1,1637.22,1637.22
7ae19501-d199-4c5e-a283-b100df84ff52,47380f41-bbf4-43e1-b1b5-bcbdecf9f1ba,ec5acaab-3445-4eba-865e-8b247d274eee,3,430.72,1292.16
669cc826-01d1-4834-a567-05e869b0e632,8dca65bf-7c84-46f3-814d-d39799af068a,23308ab9-787b-4b8b-bc7b-d1e4959932b0,1,687.41,687.41
892e868e-5230-4476-8c91-3b3d6d78cced,8dca65bf-7c84-46f3-814d-d39799af068a,a170c855-7457-4217-962b-73ca95591d8e,1,1415.63,1415.63
61e4e595-9922-4494-b8ce-40c29f295e58,97b03632-217c-41a1-8233-ca31052bf292,a170c855-7457-4217-962b-73ca95591d8e,2,1388.41,2776.82
17d51297-196b-4b10-8184-ee620e651e9b,97b03632-217c-41a1-8233-ca31052bf292,20426eda-1bc9-4364-ab87-f1661e8204da,4,718.06,2872.24
6e800c69-38df-451d-b7a7-dbc0a20eb863,8d4ec31d-b5c5-4f36-a4c0-c013a9797610,29144108-f016-476f-bcb9-b0b392495dc4,4,2126.21,8504.84
f870b7ff-85e3-43fb-85fa-d11a7d8e6e6d,8d4ec31d-b5c5-4f36-a4c0-c013a9797610,bfd7f681-c6d3-4067-bcf4-2fbd0bbb1961,4,1725.14,6900.56
079457c9-feb0-4c3c-bd4d-72a84906d0e0,1d926dfe-2a74-41c2-9e5e-47c889dc1459,15b433d8-a15b-4789-b46c-952eea93eb4c,3,1283.49,3850.47
875246e3-799b-43e8-9730-9f88a1e0be2c,301ee0f9-fef3-4b39-989e-57626876ab8b,91040c4c-ff68-4da6-8b23-e84501185895,2,492.6,985.2
c80788be-feec-4654-bab1-8e91530fc54d,301ee0f9-fef3-4b39-989e-57626876ab8b,9cbd85c0-9bf4-4679-a1fa-7de889b8b72f,3,1686.2,5058.6
ecfee436-b830-44f9-ac9a-65c033b8c9c1,301ee0f9-fef3-4b39-989e-57626876ab8b,b4f77be2-21a9-465c-8972-987e421dd558,4,1654.85,6619.4
bd09d960-0c31-4d0e-9f40-2f4d74989776,301ee0f9-fef3-4b39-989e-57626876ab8b,b4f77be2-21a9-465c-8972-987e421dd558,2,1732.96,3465.92
3ba1d0a3-69d2-449a-8f8b-6a50a73ac41a,14154040-ef37-46c3-8256-d9d13f888778,a58adeef-9d73-476d-8979-2570f427a2a4,4,460.73,1842.92
a9adb846-e16a-4183-84c8-901d74207dae,14154040-ef37-46c3-8256-d9d13f888778,95ba199d-25d9-4758-ab92-8279a2922f49,1,908.25,908.25
23539d1c-8070-49bd-962c-2d15cc913678,14154040-ef37-46c3-8256-d9d13f888778,9f245b6a-b069-4f49-b236-3a3f5a07e040,2,1265.74,2531.48
d73e3ca9-ac58-4497-bedb-a84e531f633d,14154040-ef37-46c3-8256-d9d13f888778,9b3ae2d6-f11c-4d6a-893c-bfbee11f66a9,3,541.04,1623.12
eea36b8a-7f43-400c-ac05-073ad9ba8690,ba74f122-4094-4db1-a552-deee2ae9a93a,71cd6e3f-89de-4b63-b8d0-f9bc3bb351dd,4,1967.85,7871.4
aefaf9cd-4a6a-499b-9f8b-ca821e2bac91,ba74f122-4094-4db1-a552-deee2ae9a93a,921205ac-28c4-4b05-b67e-c35ff328fab7,4,1867.46,7469.84
723e06d7-3064-462b-b05d-b27980ae6e24,ba74f122-4094-4db1-a552-deee2ae9a93a,da4b7396-d7a5-4908-8c6c-caf22424c34f,1,1090.1,1090.1
5124b53c-6b17-4308-8e4a-9e9c93a04575,ba74f122-4094-4db1-a552-deee2ae9a93a,b4f77be2-21a9-465c-8972-987e421dd558,2,1650.21,3300.42
5bf1de07-3ae3-44c7-89a8-03d4f4886fb7,911ee847-4765-4196-aed7-0a5f120520b5,485c3d22-90b0-40b0-bfda-c97e12413e8a,3,1921.71,5765.13
2c889307-e859-4202-8f90-8dcec195d47c,911ee847-4765-4196-aed7-0a5f120520b5,3d9f7863-ef4b-4644-a5e7-50c73e97cf53,1,188.21,188.21
dad1b2eb-ae85-4fbb-8e33-4cc68fe1dec2,a3bb072e-d546-45be-9bcc-d98d321b6a0d,aeff61b6-c607-4d48-8acc-9a35ecfd52e3,2,906.6,1813.2
c0be07a0-4230-43b2-860c-93b7da3cbbfe,a3bb072e-d546-45be-9bcc-d98d321b6a0d,60422d14-b0df-454d-b1cc-fcb512070cdb,1,1563.9,1563.9
ae66e2fd-55a7-4086-988c-ddceeb324cea,47299c1a-7e71-415b-94b4-30f8d875c8b5,573d588b-eaac-48fe-afc7-13f1b796bd2d,2,480.11,960.22
6a66171d-a852-4967-a682-a199f43d8b9c,47299c1a-7e71-415b-94b4-30f8d875c8b5,84204cfb-0150-48d0-b242-81c7fe4a6514,2,762.31,1524.62
09555bbc-ed80-4f00-b4cc-73435ae56bf5,47299c1a-7e71-415b-94b4-30f8d875c8b5,573d588b-eaac-48fe-afc7-13f1b796bd2d,2,504.05,1008.1
ea44512a-5a7f-4110-a041-ce722660f8e7,1e610250-10fa-49d3-b081-389611b17ce1,661746c4-ad45-410e-bec0-79d9e9f7f40d,4,1084.77,4339.08
eb23707a-b581-4338-91d9-214fe4ea3b55,e3c309e4-26ac-4649-bd1a-afdf321568fc,91040c4c-ff68-4da6-8b23-e84501185895,2,491.87,983.74
bfabf51d-548a-485a-a532-ec642814cf26,060068a4-4c62-40e8-b528-8372f6a2dbc2,f290aa8f-a2c0-4bec-8af5-55c16547892c,2,1900.96,3801.92
d4d4b06b-1f77-49c6-bcad-6e202b92dc2d,060068a4-4c62-40e8-b528-8372f6a2dbc2,578b7e1b-3185-4d37-abad-92c4accc86fc,3,613.26,1839.78
c7fd6742-95f5-4627-b171-d0fb23f6241a,060068a4-4c62-40e8-b528-8372f6a2dbc2,5bb65c5b-8dd6-4b85-afeb-308c85338301,1,508.65,508.65
61dc3760-eba2-414b-80e1-c00311152850,cb7e1da1-8ad0-4303-97b8-cc375b813f7d,068fa6bb-ffce-46c5-a416-a38c8281e3b4,2,2185.87,4371.74
ff38fa72-e28f-49d2-b416-26d7e3f03f2a,cb7e1da1-8ad0-4303-97b8-cc375b813f7d,ea2dfdf7-5d45-4027-8234-98d645172842,2,2159.42,4318.84
1426287e-4d4e-4c3f-a564-d7ad38952f1d,cb7e1da1-8ad0-4303-97b8-cc375b813f7d,dd600df0-a123-4470-b4dc-5b1fbb412130,1,1561.15,1561.15
b144a710-255f-4efc-b4f4-b5e180b26907,15162b23-1aba-4b63-8c51-673bcdd65d4a,27288ebe-a4fa-4764-bcff-20c6c1b4e579,3,1209.2,3627.6
0fee2048-6565-4521-a59f-c2ec50f60b1e,15162b23-1aba-4b63-8c51-673bcdd65d4a,485c3d22-90b0-40b0-bfda-c97e12413e8a,2,1795.21,3590.42
499a98ad-8981-4739-96f5-17ea06d6857a,15162b23-1aba-4b63-8c51-673bcdd65d4a,0b84cf63-fe5b-4343-97a0-c5eb55099f93,2,2042.54,4085.08
412a7ebe-2072-40e1-bf23-2af351344edf,cef1319b-3cbd-43d0-86da-ba52bbf13ce0,292cb567-a4b0-4f09-ab0b-cf15eef17df5,4,541.83,2167.32
a74a2de3-d543-4f1d-8993-ab560e8dfd3e,cef1319b-3cbd-43d0-86da-ba52bbf13ce0,292cb567-a4b0-4f09-ab0b-cf15eef17df5,1,528.48,528.48
f12ac79e-e937-4b93-a8fb-dc71b99aa5b8,eda64833-7d4d-43e2-854a-e046e8d6458e,1172914a-fd97-4fec-8729-044a3bcc7331,4,1736.66,6946.64
8c8c0484-a33b-4ee7-827f-9d780b6b6565,a6a892f8-74ef-457a-a03b-fb147343e1c5,ea2dfdf7-5d45-4027-8234-98d645172842,4,2033.63,8134.52
e096d852-6ecb-492b-bfe9-703a933e2fcc,a6a892f8-74ef-457a-a03b-fb147343e1c5,56a4300a-1b0c-4ed9-9ce7-33191f050eec,3,1902.76,5708.28
c4f87ec8-50bd-424f-940b-a3c2eddbff39,1b815ae5-1c21-400d-b96d-cee2294d3e88,9d7f4ae8-9d37-40a7-83f1-d4d43c0fa5e1,2,2182.16,4364.32
0f71df12-2b7f-441b-87d3-fc6686446f72,1b815ae5-1c21-400d-b96d-cee2294d3e88,4f68564c-9807-4264-8b96-9940b6cb73e1,3,896.84,2690.52
c61f4a58-c47d-49bd-8e37-e22380caf03d,1b815ae5-1c21-400d-b96d-cee2294d3e88,292cb567-a4b0-4f09-ab0b-cf15eef17df5,1,492.73,492.73
9dce10ac-a8f7-469e-a033-5b02ce1134f1,0467edf9-57aa-4bc5-94ef-263963473fff,a111d844-34bd-4c57-ae21-08d892e7cd37,3,1009.92,3029.76
b3b7fb31-7067-401d-97c8-5b297c0eb8fa,255ddddf-33c1-4b47-b999-b3d7450746b1,573d588b-eaac-48fe-afc7-13f1b796bd2d,3,493.46,1480.38
9ce3b303-1c7e-4226-8b22-cf14cd77b336,a75be196-81d2-47a0-94d3-2686293043a4,4d6188dc-5fb5-40be-82b9-8185414daf04,1,2164.28,2164.28
02183237-9f64-470a-9578-6b27eb284b1d,a75be196-81d2-47a0-94d3-2686293043a4,95ba199d-25d9-4758-ab92-8279a2922f49,3,845.55,2536.65
e41c4fce-a13d-4dde-9029-ee12ba6a1147,a75be196-81d2-47a0-94d3-2686293043a4,dd600df0-a123-4470-b4dc-5b1fbb412130,4,1551.41,6205.64
a117a70d-db1a-4ec4-81bd-f27e8bc89742,13e8a4d0-0514-44fd-8a11-00a8382dc6b7,71cd6e3f-89de-4b63-b8d0-f9bc3bb351dd,3,2068.89,6206.67
20939714-042d-46b5-b230-0d4fbbbab8b0,40c3bfab-0f51-47b6-a0af-ec12b85711f1,20426eda-1bc9-4364-ab87-f1661e8204da,4,740.54,2962.16
0a293c33-b09c-4983-b435-86548d59a94b,40c3bfab-0f51-47b6-a0af-ec12b85711f1,56a4300a-1b0c-4ed9-9ce7-33191f050eec,2,1929.8,3859.6
0a75b514-ef27-4e98-862a-20f4dda29bf7,db14cb66-91c6-4ff8-ba47-b3363d2ddfc9,b4f77be2-21a9-465c-8972-987e421dd558,2,1660.87,3321.74
4e210469-9d93-432e-99c6-35d2e1aaa45b,db14cb66-91c6-4ff8-ba47-b3363d2ddfc9,9d7f4ae8-9d37-40a7-83f1-d4d43c0fa5e1,1,2081.61,2081.61
fc228c86-6cf3-419d-af78-d3d5f02f3cc2,db14cb66-91c6-4ff8-ba47-b3363d2ddfc9,0804e394-634f-44b4-85e5-780ed32f72eb,1,2141.2,2141.2
aca129c3-5440-44d0-a3d4-964dcd50a249,53c15de1-68ff-471c-bd02-7581cba01eb6,a111d844-34bd-4c57-ae21-08d892e7cd37,2,1082.95,2165.9
35d4fd23-c450-4500-90b3-09a303a153ff,53c15de1-68ff-471c-bd02-7581cba01eb6,3d9f7863-ef4b-4644-a5e7-50c73e97cf53,4,184.82,739.28
39b0b59d-e073-4b4e-9ceb-662044f8bf5e,53c15de1-68ff-471c-bd02-7581cba01eb6,a1004e61-f401-428e-a431-0d83dbd29708,1,997.05,997.05
b3eafe85-a4b2-45ec-a031-a5f41a1d5e0c,53c15de1-68ff-471c-bd02-7581cba01eb6,9f245b6a-b069-4f49-b236-3a3f5a07e040,2,1238.68,2477.36
